{
  "model": "models/deberta-v3-large-shieldlm",
  "overall": {
    "auc": 0.9986741758534377,
    "tpr_at_fpr_001": 0.9304042179261863,
    "threshold_at_fpr_001": 0.9975034475326539,
    "tpr_at_fpr_005": 0.968365553602812,
    "threshold_at_fpr_005": 0.9639175236225128,
    "tpr_at_fpr_01": 0.9810193321616871,
    "threshold_at_fpr_01": 0.277313199142615,
    "tpr_at_fpr_05": 0.99402460456942,
    "threshold_at_fpr_05": 0.0029852997977286577,
    "n_samples": 8125,
    "n_attack": 2845,
    "n_benign": 5280
  },
  "by_category": {
    "direct_injection": {
      "tpr": 0.9818468823993686,
      "n": 2534
    },
    "indirect_injection": {
      "tpr": 1.0,
      "n": 158
    },
    "jailbreak": {
      "tpr": 0.9477124183006536,
      "n": 153
    }
  },
  "fpr_by_data_type": {
    "conversational": {
      "fpr": 0.006587615283267457,
      "n": 3795
    },
    "application_structured": {
      "fpr": 1.0,
      "n": 1
    },
    "sensitive_topic": {
      "fpr": 0.3333333333333333,
      "n": 27
    }
  },
  "latency": {
    "mean_ms": 33.12851816001057,
    "p95_ms": 35.75815850090292,
    "p99_ms": 42.560562198777916
  }
}